year,page_id,page_name,line_number,hit_line,context,archive_url,image_path,ocr_source
1986,067,b.1986-12.067,65,"дио-86РК». Jl. Горшков, Г. Зеленко, Ю. Озеров,","Персональный  радиолюбительский компьютер «Pa-         1984, № 10, с. 30).   .    ..    с: 2 63

дио-86РК». Jl. Горшков, Г. Зеленко, Ю. Озеров,

С. Попов.                                                 tb",http://archive.radio.ru/web/1986/12/067/,.tmp/archive_radio_ru/1986/12/b.1986-12.067.jpg,.tmp/radio_ru_annual_contents_1986_1995/search/1986-12/ocr.1986-12.067.txt
1986,067,b.1986-12.067,95,«Радио» — о «Радио-86РК». Д. Лукьянов. . . . . 10 32,"лея еее ине. 997       Г)

«Радио» — о «Радио-86РК». Д. Лукьянов. . . . . 10 32
Блок питания компьютера «Радио-86РК». А. Крылов .   11 26      Два измерительных прибора на микросхемах (щуп-ге-
12 17         нератор ЗЧ и измеритель емкости на основе калибра-",http://archive.radio.ru/web/1986/12/067/,.tmp/archive_radio_ru/1986/12/b.1986-12.067.jpg,.tmp/radio_ru_annual_contents_1986_1995/search/1986-12/ocr.1986-12.067.txt
1986,067,b.1986-12.067,96,Блок питания компьютера «Радио-86РК». А. Крылов .   11 26      Два измерительных прибора на микросхемах (щуп-ге-,"«Радио» — о «Радио-86РК». Д. Лукьянов. . . . . 10 32
Блок питания компьютера «Радио-86РК». А. Крылов .   11 26      Два измерительных прибора на микросхемах (щуп-ге-
12 17         нератор ЗЧ и измеритель емкости на основе калибра-
Вниманию радиолюбителей, собирающих «Радио-86РК» 12 19      тора). И. Нечаев . .   ВЫ    р   т  1 a",http://archive.radio.ru/web/1986/12/067/,.tmp/archive_radio_ru/1986/12/b.1986-12.067.jpg,.tmp/radio_ru_annual_contents_1986_1995/search/1986-12/ocr.1986-12.067.txt
1986,067,b.1986-12.067,98,"Вниманию радиолюбителей, собирающих «Радио-86РК» 12 19      тора). И. Нечаев . .   ВЫ    р   т  1 a","Блок питания компьютера «Радио-86РК». А. Крылов .   11 26      Два измерительных прибора на микросхемах (щуп-ге-
12 17         нератор ЗЧ и измеритель емкости на основе калибра-
Вниманию радиолюбителей, собирающих «Радио-86РК» 12 19      тора). И. Нечаев . .   ВЫ    р   т  1 a
art coal семинар «ЭВМ —системы— сети». Л. Pact.              Логический пробник...   -                         185
aa                                         ...C одним светодиодом. С. Карташов . .        . 35:",http://archive.radio.ru/web/1986/12/067/,.tmp/archive_radio_ru/1986/12/b.1986-12.067.jpg,.tmp/radio_ru_annual_contents_1986_1995/search/1986-12/ocr.1986-12.067.txt
1987,068,b.1987-12.068,37,Бейсик для «Радио-86РК». А. Долгий. ....   1    31     Конструирование высоковольтных стабилизаторов.,"ss                                             Стабилизированный источник питания (ЗР). . .   1    53
Блок питания УКУ. Е. Мицкевич, И. Карпинович   2   44
Бейсик для «Радио-86РК». А. Долгий. ....   1    31     Конструирование высоковольтных стабилизаторов.
8   57      Р. Усманов, Р. Ханбеков. ......,. 3   56
Вниманню  раднолюбителей, собирающих «Ра-            Усовершенствование импульсного стабилизатора",http://archive.radio.ru/web/1987/12/068/,.tmp/archive_radio_ru/1987/12/b.1987-12.068.jpg,.tmp/radio_ru_annual_contents_1986_1995/search/1987-12/ocr.1987-12.068.txt
1987,068,b.1987-12.068,40,"дио-86РК». ее  |  32    напряжения. А. Миронов. . .....,. ,  4  35","8   57      Р. Усманов, Р. Ханбеков. ......,. 3   56
Вниманню  раднолюбителей, собирающих «Ра-            Усовершенствование импульсного стабилизатора
дио-86РК». ее  |  32    напряжения. А. Миронов. . .....,. ,  4  35
Компьютерные игры. A. Долгий.                               Модифнкация зарядного устройства. Г, Шмаков   5    56
Перехватчик. Питон ие.   2   23     Вариант двухполупериодного выпрямителя. А. Ти-",http://archive.radio.ru/web/1987/12/068/,.tmp/archive_radio_ru/1987/12/b.1987-12.068.jpg,.tmp/radio_ru_annual_contents_1986_1995/search/1987-12/ocr.1987-12.068.txt
1987,068,b.1987-12.068,50,Справочные таблицы для работы с «Радио-86РК»   5 2--3-я      напряжения. А. Миронов... ....   9   46,"Если нет КР58ОВГТб... А. Долгий. ....,. OG    22      Регулируемый стабилизатор тока. А. Евсеев. . . 8    56
6  33   Мощный импульсный стабилизатор постоянного
Справочные таблицы для работы с «Радио-86РК»   5 2--3-я      напряжения. А. Миронов... ....   9   46
с. вкл,      Регулятор мощности паяльника. Д. Приймак. . . 12    54
Еще о замене микросхем в «Радио-86РК», А. Сер-              Стабилизатор напряжения менее | В. Н. Устинов 12    54",http://archive.radio.ru/web/1987/12/068/,.tmp/archive_radio_ru/1987/12/b.1987-12.068.jpg,.tmp/radio_ru_annual_contents_1986_1995/search/1987-12/ocr.1987-12.068.txt
1987,068,b.1987-12.068,52,"Еще о замене микросхем в «Радио-86РК», А. Сер-              Стабилизатор напряжения менее | В. Н. Устинов 12    54","Справочные таблицы для работы с «Радио-86РК»   5 2--3-я      напряжения. А. Миронов... ....   9   46
с. вкл,      Регулятор мощности паяльника. Д. Приймак. . . 12    54
Еще о замене микросхем в «Радио-86РК», А. Сер-              Стабилизатор напряжения менее | В. Н. Устинов 12    54
геев ee ee В  34   Зарядка гальванической батареи. И. Лапшин. . 12  54
Операционные системы персональных компьютеров.            Необычное включение микросхемных стабилиза-",http://archive.radio.ru/web/1987/12/068/,.tmp/archive_radio_ru/1987/12/b.1987-12.068.jpg,.tmp/radio_ru_annual_contents_1986_1995/search/1987-12/ocr.1987-12.068.txt
1987,068,b.1987-12.068,56,"Редактор н Ассемблер для «Радно-86РК». В. Бар-       ?      Ответы на вопросы по статьям, опубликованным","Операционные системы персональных компьютеров.            Необычное включение микросхемных стабилиза-
Г. Иванов не ТТ  19    торов серии К142. А. Глинец. 2. 2. 2.) 12  54
Редактор н Ассемблер для «Радно-86РК». В. Бар-       ?      Ответы на вопросы по статьям, опубликованным
чуков, Г. Зеленко. Е. Фадеев. .......    7    22                в журнале в прошлые годы
> — программатор ПЗУ. Д. Лукьянов,    8    21       Боровик И. Универсальный эквивалент нагрузки. —",http://archive.radio.ru/web/1987/12/068/,.tmp/archive_radio_ru/1987/12/b.1987-12.068.jpg,.tmp/radio_ru_annual_contents_1986_1995/search/1987-12/ocr.1987-12.068.txt
1987,068,b.1987-12.068,63,"Таймер KP580BH53 в «Радно-86РК». И. Крылова 11    35     Телеграфная приставка к радиоприемнику. И, Не-","Принимаем RTTY. А. Покладов, ib. Константинов 10    17       «РАДИО» — НАЧИНАЮЩИМ   р
«Твоя персональная ЭВМ». .....,... И   34
Таймер KP580BH53 в «Радно-86РК». И. Крылова 11    35     Телеграфная приставка к радиоприемнику. И, Не-
Динамическое интание ПЗУ, А. Сергеев. .. . . 12  26    чаев еее  3  49
ЖЖ А. Андреев. . . 12   27     Приемная комнатная антенна. И. Нечаев. ...   7   33",http://archive.radio.ru/web/1987/12/068/,.tmp/archive_radio_ru/1987/12/b.1987-12.068.jpg,.tmp/radio_ru_annual_contents_1986_1995/search/1987-12/ocr.1987-12.068.txt
1988,066,b.1988-12.066,20,«Бейсик-сервис» для «Радио-86РК». В. Наугадов. . .        1    22   ы,"и  МИКРОПРОЦЕССОРНАЯ ТЕХНИКА И ЭВМ                  —
  «РАДИО» — НАЧИНАЮЩИМ
«Бейсик-сервис» для «Радио-86РК». В. Наугадов. . .        1    22   ы
P.   -86РК» —             ПЗУ. Д. Лукьянов,
“ gag : млин iM a nal hi ae.  2 24 Емкостное реле. И. Нечаев...   1 33",http://archive.radio.ru/web/1988/12/066/,.tmp/archive_radio_ru/1988/12/b.1988-12.066.jpg,.tmp/radio_ru_annual_contents_1986_1995/search/1988-12/ocr.1988-12.066.txt
1988,066,b.1988-12.066,21,"P.   -86РК» —             ПЗУ. Д. Лукьянов,","«РАДИО» — НАЧИНАЮЩИМ
«Бейсик-сервис» для «Радио-86РК». В. Наугадов. . .        1    22   ы
P.   -86РК» —             ПЗУ. Д. Лукьянов,
“ gag : млин iM a nal hi ae.  2 24 Емкостное реле. И. Нечаев...   1 33
Программный «синтезатор» речи для «Радио-86РК».          Как продлить «жизнь» лампы накаливания. В. Никитин   4 38",http://archive.radio.ru/web/1988/12/066/,.tmp/archive_radio_ru/1988/12/b.1988-12.066.jpg,.tmp/radio_ru_annual_contents_1986_1995/search/1988-12/ocr.1988-12.066.txt
1988,066,b.1988-12.066,23,Программный «синтезатор» речи для «Радио-86РК».          Как продлить «жизнь» лампы накаливания. В. Никитин   4 38,"P.   -86РК» —             ПЗУ. Д. Лукьянов,
“ gag : млин iM a nal hi ae.  2 24 Емкостное реле. И. Нечаев...   1 33
Программный «синтезатор» речи для «Радио-86РК».          Как продлить «жизнь» лампы накаливания. В. Никитин   4 38
А. Андреев, . еее и.   2 29 Сенсорный светозвуковой сигнализатор. Д. Приймак. .   7 49
Расчет теплоотводов на компьютере. (По страницам за-             Коммутатор для цифрового табло. С. Ермин .... 9 57",http://archive.radio.ru/web/1988/12/066/,.tmp/archive_radio_ru/1988/12/b.1988-12.066.jpg,.tmp/radio_ru_annual_contents_1986_1995/search/1988-12/ocr.1988-12.066.txt
1988,066,b.1988-12.066,27,"ДИЗАССЕМБЛЕР для «Радио-В6РК». В. Барчуков, Е. Фа-            лаев   ее 12 51","Расчет теплоотводов на компьютере. (По страницам за-             Коммутатор для цифрового табло. С. Ермин .... 9 57
рубежных журналов). „о...    2 60 Ремонт «Славы» — с помощью осциллографа». В. Мас-
ДИЗАССЕМБЛЕР для «Радио-В6РК». В. Барчуков, Е. Фа-            лаев   ее 12 51
деев   о о | pie, Mies   3 27 Реле времени для фотопечати. С. Бирюков .. . . . 12 53
Перемещающий загрузчик. Д. Лукьянов. . . ..     3 32",http://archive.radio.ru/web/1988/12/066/,.tmp/archive_radio_ru/1988/12/b.1988-12.066.jpg,.tmp/radio_ru_annual_contents_1986_1995/search/1988-12/ocr.1988-12.066.txt
1988,066,b.1988-12.066,30,«Радио-86РК» -|- программа-мультиметр. А. Долгий .     4 24                        e,"деев   о о | pie, Mies   3 27 Реле времени для фотопечати. С. Бирюков .. . . . 12 53
Перемещающий загрузчик. Д. Лукьянов. . . ..     3 32
«Радио-86РК» -|- программа-мультиметр. А. Долгий .     4 24                        e
Справочные таблицы для «Радио-86РК». .... .       4 27   о
Программа обработки текстов на Бейсике. А. Пекин .       4 28     сциллограф — ваш помощник. Б. Иванов.",http://archive.radio.ru/web/1988/12/066/,.tmp/archive_radio_ru/1988/12/b.1988-12.066.jpg,.tmp/radio_ru_annual_contents_1986_1995/search/1988-12/ocr.1988-12.066.txt
1988,066,b.1988-12.066,31,Справочные таблицы для «Радио-86РК». .... .       4 27   о,"Перемещающий загрузчик. Д. Лукьянов. . . ..     3 32
«Радио-86РК» -|- программа-мультиметр. А. Долгий .     4 24                        e
Справочные таблицы для «Радио-86РК». .... .       4 27   о
Программа обработки текстов на Бейсике. А. Пекин .       4 28     сциллограф — ваш помощник. Б. Иванов.
Компьютер и магнитофон. ..........ы 4 30 „По фигурам Лисважу © с...     1 34",http://archive.radio.ru/web/1988/12/066/,.tmp/archive_radio_ru/1988/12/b.1988-12.066.jpg,.tmp/radio_ru_annual_contents_1986_1995/search/1988-12/ocr.1988-12.066.txt
1988,066,b.1988-12.066,37,"Еще раз о наладке «Радио-86РК». Д. Горшков, Г. Зеленко,            адиоприем и детектирование. . . .      ВИ   5 51","6 26
О переносимости программ. Д. Горшков, Г. Зеленко. .     5 29    ВСЯ  и модуляция .     ,     .     ss     ar     4 36
Еще раз о наладке «Радио-86РК». Д. Горшков, Г. Зеленко,            адиоприем и детектирование. . . .      ВИ   5 51
Ю. Озеров, еее.   7  29   Читатели благодарят... и задают вопросы       н.д.   6  38
Компьютер помогает настроить телевизор. А. Сорокин   7 33 Проверяем рефлексный радиоприемник     рии   7 52",http://archive.radio.ru/web/1988/12/066/,.tmp/archive_radio_ru/1988/12/b.1988-12.066.jpg,.tmp/radio_ru_annual_contents_1986_1995/search/1988-12/ocr.1988-12.066.txt
1988,066,b.1988-12.066,43,Отладчик ana «Радио-В6РК». Г. Штефан. ..... 9 22 цб         .                              ь.  50,"Бейсик «Микрон». В. Барчуков, Е. Фадеев. . .     мА я    8 37 «Здоровье» деталей — на экране осциллографа .     ;    9 54
Бытовые ПЭВМ становятся ближе. . . .     р   8 62 Характериограф для транзисторов   i нь 8     11 49
Отладчик ana «Радио-В6РК». Г. Штефан. ..... 9 22 цб         .                              ь.  50
Музыкальная система для «Радио-86РК». А. Андреев. . 10 25   В О © бете Же.     wee |   i
RESEIE TEP RRB SOne Курс aera tien acai               12   ы   Доработка осциллографа ОМЛ-2М. Г. Тимофеев. .. .    2 39",http://archive.radio.ru/web/1988/12/066/,.tmp/archive_radio_ru/1988/12/b.1988-12.066.jpg,.tmp/radio_ru_annual_contents_1986_1995/search/1988-12/ocr.1988-12.066.txt
1988,066,b.1988-12.066,44,Музыкальная система для «Радио-86РК». А. Андреев. . 10 25   В О © бете Же.     wee |   i,"Бытовые ПЭВМ становятся ближе. . . .     р   8 62 Характериограф для транзисторов   i нь 8     11 49
Отладчик ana «Радио-В6РК». Г. Штефан. ..... 9 22 цб         .                              ь.  50
Музыкальная система для «Радио-86РК». А. Андреев. . 10 25   В О © бете Же.     wee |   i
RESEIE TEP RRB SOne Курс aera tien acai               12   ы   Доработка осциллографа ОМЛ-2М. Г. Тимофеев. .. .    2 39
Самодельный щуп для ОМЛ-2М. Г, Тимофеев. . . ..      5 53°",http://archive.radio.ru/web/1988/12/066/,.tmp/archive_radio_ru/1988/12/b.1988-12.066.jpg,.tmp/radio_ru_annual_contents_1986_1995/search/1988-12/ocr.1988-12.066.txt
1988,066,b.1988-12.066,66,"диолюбительский компьютер «Радио-86РК».— Радио,       Метроном. A. Корыстов. . и...  5 50","Простой генератор. Е. Савицкий  ""И 9   Е   3 53
Горшков Д., Зеленко Г., Озеров Ю. Персональный ра-          Доработка магнитофона «Электроника-302». С. Цывин   3 54
диолюбительский компьютер «Радио-86РК».— Радио,       Метроном. A. Корыстов. . и...  5 50
1986, № 4—9 (уе   9 63- Радиоконструктор «Юность-102». Г. Алтаев, В. Верютин   9 50
Попов С. ПЗУ для Бейсика.— Радио, 1987, № 3, с. 32. . .   9 63 УКВ приемник на аналоговой микросхеме. В. Ринский 10 55",http://archive.radio.ru/web/1988/12/066/,.tmp/archive_radio_ru/1988/12/b.1988-12.066.jpg,.tmp/radio_ru_annual_contents_1986_1995/search/1988-12/ocr.1988-12.066.txt
1988,066,b.1988-12.066,69,"Лукьянов Д. «Радио» — о «Радио-86РК».— Радио, 1986,    5 ee   Светодиодный индикатор уровня сигнала. И. Нечаев 12 52","1986, № 4—9 (уе   9 63- Радиоконструктор «Юность-102». Г. Алтаев, В. Верютин   9 50
Попов С. ПЗУ для Бейсика.— Радио, 1987, № 3, с. 32. . .   9 63 УКВ приемник на аналоговой микросхеме. В. Ринский 10 55
Лукьянов Д. «Радио» — о «Радио-86РК».— Радио, 1986,    5 ee   Светодиодный индикатор уровня сигнала. И. Нечаев 12 52
®                              .
Электронная игротека                                                Fee",http://archive.radio.ru/web/1988/12/066/,.tmp/archive_radio_ru/1988/12/b.1988-12.066.jpg,.tmp/radio_ru_annual_contents_1986_1995/search/1988-12/ocr.1988-12.066.txt
1989,092,b.1989-12.092,14,топольский . wwe eee eC 50  Цифровой ЭМИ с «Радио-86РК.. И. Михай-,"А. Васильев. . . . . . .... . 4 43  Гитарный комплекс. В. Заборовский. . . 6 60
Магнитные ленты. Ю. Василевский, А. Зло-                                                               7    84
топольский . wwe eee eC 50  Цифровой ЭМИ с «Радио-86РК.. И. Михай-
Усовершенствование «Астры-209-стерео».           ленко „рее еее. №  72
А. Несененко . .. 2. 2% 2. we  5  69                      11  70",http://archive.radio.ru/web/1989/12/092/,.tmp/archive_radio_ru/1989/12/b.1989-12.092.jpg,.tmp/radio_ru_annual_contents_1986_1995/search/1989-12/ocr.1989-12.092.txt
1989,093,b.1989-12.093,14,«Радио-86РК». А. Долгий .  оз  2  36  Н. Лукин. еее  9  64,"тель напряжения. А. Меринов. . . . .  7  93
Анализ линейных электрических цепей на         Еще раз о стабилизаторе на K142EH2B.
«Радио-86РК». А. Долгий .  оз  2  36  Н. Лукин. еее  9  64
3  47 — Регулятор мощности. С. Золотарев. . . . 11  66
4     35 — Простой стабилизатор напряжения. Е. Crap-",http://archive.radio.ru/web/1989/12/093/,.tmp/archive_radio_ru/1989/12/b.1989-12.093.jpg,.tmp/radio_ru_annual_contents_1986_1995/search/1989-12/ocr.1989-12.093.txt
1989,093,b.1989-12.093,22,«Радио-86РК»...                                                   Уменьшение пульсаций в стабилизаторах на,"граммистах ¢« « + © фена.  4  35 — Вариант включения стабилизатора К142ЕН5
С. Савин. и... 12 66
«Радио-86РК»...                                                   Уменьшение пульсаций в стабилизаторах на
..печать. Г. Зеленко, Д. Горшков. . . .   5   44    K142EH1 и K142EH2. А. Михайлов. . .   12 65
..терминал передачи данных. Г. Иванов. . 5 45 Аналог высоковольтного   стабилитрона.",http://archive.radio.ru/web/1989/12/093/,.tmp/archive_radio_ru/1989/12/b.1989-12.093.jpg,.tmp/radio_ru_annual_contents_1986_1995/search/1989-12/ocr.1989-12.093.txt
1989,093,b.1989-12.093,31,«Радио-86РК». А. Сорокин... ..  8  38,"риев, FO. Игнатьев . он ss  7  50  си м ыы р cratipiaearepat  12 80
Музыкальный редактор для компьютера
«Радио-86РК». А. Сорокин... ..  8  38
КАМОО$ для «Радио-86РК». Д. Лукьянов   9   46                       ®
10  42",http://archive.radio.ru/web/1989/12/093/,.tmp/archive_radio_ru/1989/12/b.1989-12.093.jpg,.tmp/radio_ru_annual_contents_1986_1995/search/1989-12/ocr.1989-12.093.txt
1989,093,b.1989-12.093,32,КАМОО$ для «Радио-86РК». Д. Лукьянов   9   46                       ®,"Музыкальный редактор для компьютера
«Радио-86РК». А. Сорокин... ..  8  38
КАМОО$ для «Радио-86РК». Д. Лукьянов   9   46                       ®
10  42
МОНИТОР для «Микро-80», совместимый            Ответы на вопросы по статье Ануфриева А.",http://archive.radio.ru/web/1989/12/093/,.tmp/archive_radio_ru/1989/12/b.1989-12.093.jpg,.tmp/radio_ru_annual_contents_1986_1995/search/1989-12/ocr.1989-12.093.txt
1989,093,b.1989-12.093,35,"с «Радио-86РК». А. Покладов, А. Соколов,         «Лабораторный блок питания» (Радио,","10  42
МОНИТОР для «Микро-80», совместимый            Ответы на вопросы по статье Ануфриева А.
с «Радио-86РК». А. Покладов, А. Соколов,         «Лабораторный блок питания» (Радио,
А. Долгий... и... И 37   1988, № 12, с. 40—42). . . . . . . . 1 77
Повышение надежности  работы’ «Pa-",http://archive.radio.ru/web/1989/12/093/,.tmp/archive_radio_ru/1989/12/b.1989-12.093.jpg,.tmp/radio_ru_annual_contents_1986_1995/search/1989-12/ocr.1989-12.093.txt
1989,093,b.1989-12.093,38,дио-86РК». Ф. Зубанов и др.. .... И    40,"А. Долгий... и... И 37   1988, № 12, с. 40—42). . . . . . . . 1 77
Повышение надежности  работы’ «Pa-
дио-86РК». Ф. Зубанов и др.. .... И    40
«Радио-86РК»... печать». (Возвращаясь к                 «РАДИО» — НАЧИНАЮЩИМ
напечатанному). А. Симулин. .. . . 11   41",http://archive.radio.ru/web/1989/12/093/,.tmp/archive_radio_ru/1989/12/b.1989-12.093.jpg,.tmp/radio_ru_annual_contents_1986_1995/search/1989-12/ocr.1989-12.093.txt
1989,093,b.1989-12.093,39,«Радио-86РК»... печать». (Возвращаясь к                 «РАДИО» — НАЧИНАЮЩИМ,"Повышение надежности  работы’ «Pa-
дио-86РК». Ф. Зубанов и др.. .... И    40
«Радио-86РК»... печать». (Возвращаясь к                 «РАДИО» — НАЧИНАЮЩИМ
напечатанному). А. Симулин. .. . . 11   41
Все о «Радио-86РК» (указатель статей,        Радиоприставка к трехпрограммному гром-",http://archive.radio.ru/web/1989/12/093/,.tmp/archive_radio_ru/1989/12/b.1989-12.093.jpg,.tmp/radio_ru_annual_contents_1986_1995/search/1989-12/ocr.1989-12.093.txt
1989,093,b.1989-12.093,41,"Все о «Радио-86РК» (указатель статей,        Радиоприставка к трехпрограммному гром-","«Радио-86РК»... печать». (Возвращаясь к                 «РАДИО» — НАЧИНАЮЩИМ
напечатанному). А. Симулин. .. . . 11   41
Все о «Радио-86РК» (указатель статей,        Радиоприставка к трехпрограммному гром-
опубликованных в журнале «Радио» с        коговорителю. И. Нечаев. ...... Lt 65
1986 по 1989 гг.) ..  11 90   Приемник В.Верютина в корпусе «Юности",http://archive.radio.ru/web/1989/12/093/,.tmp/archive_radio_ru/1989/12/b.1989-12.093.jpg,.tmp/radio_ru_annual_contents_1986_1995/search/1989-12/ocr.1989-12.093.txt
1989,093,b.1989-12.093,46,"«Микроша» = «Радио-86РК». Г. Зеленко,       Диапазон ДВ в «Юности 105». П. Лукин. . 10 87","Универсальный интерфейс для «Сопзш».        КП101.. К. Коваленко. ......  5 81
В. Сугоняко . . . . . .. . ee) 12 37  Приемник беспроводной связи. В. Егоров 10 86
«Микроша» = «Радио-86РК». Г. Зеленко,       Диапазон ДВ в «Юности 105». П. Лукин. . 10 87
Д. Горшков... ..  аж    12 43  Доработка «Юности КП101». М. Кареев. . 11  86
Диктофон из магнитофона. А. Ельтишев. .     8     69",http://archive.radio.ru/web/1989/12/093/,.tmp/archive_radio_ru/1989/12/b.1989-12.093.jpg,.tmp/radio_ru_annual_contents_1986_1995/search/1989-12/ocr.1989-12.093.txt
1989,093,b.1989-12.093,56,"компьютер «Радио-86РК».— Радио, 1986,","Горшков Д., Зеленко Г., Озеров Ю., По-
пов С. Персональный радиолюбительский                                    ®
компьютер «Радио-86РК».— Радио, 1986,
№ 4—9. 4 зщ, Челачь. : 90 2 78
°                       Автомат управления освещением. И. Нечаев    2    63",http://archive.radio.ru/web/1989/12/093/,.tmp/archive_radio_ru/1989/12/b.1989-12.093.jpg,.tmp/radio_ru_annual_contents_1986_1995/search/1989-12/ocr.1989-12.093.txt
1990,086,b.1990-12.086,41,"лятору. Ф. Волков. ........ 12 50   «Радио-86РК».— Радио, 1988, № 10,","В. Банников... =.=. 12 54  с. 24 еее  4 91
Приставка-программатор к микрокальку-      Павлов М., Касминин Г. Телетайп из
лятору. Ф. Волков. ........ 12 50   «Радио-86РК».— Радио, 1988, № 10,
Экономичное включение реле. П. Курячьев 12 53     с. 17—21; №11, с. 16...    4 91
Ответы на вопросы по статье Михайлова В.             Поляков В. УКВ ЧМ радиостанция.— Ра-",http://archive.radio.ru/web/1990/12/086/,.tmp/archive_radio_ru/1990/12/b.1990-12.086.jpg,.tmp/radio_ru_annual_contents_1986_1995/search/1990-12/ocr.1990-12.086.txt
1990,086,b.1990-12.086,62,«Радио-86РК»  принимает  «морзянку».,"ратора. А. Гнедышев. ....... 3 29  1989, № 8, с. 17—20; №9, с. 36—40)... 6 91
Изготовление ВЧ катушки. В. Цапин. . .    3 30
«Радио-86РК»  принимает  «морзянку».
А. Долгий. о 5 + ss ee es 4 2 5 ДЛЯ НАРОДНОГО ХОЗЯЙСТВА И БЫТА
Универсальная цифровая шкала. В. Бурав-            Полуавтоматический блок    зажигания.",http://archive.radio.ru/web/1990/12/086/,.tmp/archive_radio_ru/1990/12/b.1990-12.086.jpg,.tmp/radio_ru_annual_contents_1986_1995/search/1990-12/ocr.1990-12.086.txt
1990,087,b.1990-12.087,17,"Три металлоискателя на микросхемах,            86РК». В. Сугоняко, В. Сафронов. . . .   11 53","излучения. Ю. Виноградов. . . . . .   7 31   «Орион-128». Загрузчик программ «Радио-

Три металлоискателя на микросхемах,            86РК». В. Сугоняко, В. Сафронов. . . .   11 53
Р. Скетерис. . . . .... 2...   8 32   «Орион-128». Первые итоги. В. Сугоняко,",http://archive.radio.ru/web/1990/12/087/,.tmp/archive_radio_ru/1990/12/b.1990-12.087.jpg,.tmp/radio_ru_annual_contents_1986_1995/search/1990-12/ocr.1990-12.087.txt
1990,087,b.1990-12.087,23,Улучшенный вариант выключателя будиль- 9  ae    дио-86РК». Г. Штефан. ......   3 38,"ская     .    фа aes Oar ce ae   8 36   Драйвер «оконного» интерфейса для «Pa-

Улучшенный вариант выключателя будиль- 9  ae    дио-86РК». Г. Штефан. ......   3 38
ника. В. Желваков . .......  8 75  Компьютер проверяет транзисторы. А. Сер-",http://archive.radio.ru/web/1990/12/087/,.tmp/archive_radio_ru/1990/12/b.1990-12.087.jpg,.tmp/radio_ru_annual_contents_1986_1995/search/1990-12/ocr.1990-12.087.txt
1990,087,b.1990-12.087,33,А. Холод... ...    (и... № 35   Обработка файлов «Радио-86РК»    на,"Программируемый        микроконтроллер.                Осторожно, БЕЙСИК «МИКРОН». . . .     4 44
Н. Рабцун, П. Алексеенко, А. Щербаков,            Преобразователь интерфейса. А. Долгий. .    6 32
А. Холод... ...    (и... № 35   Обработка файлов «Радио-86РК»    на

Многокомандная система телеуправления.                   компьютерах других типов. А. Долгий. .     7 36",http://archive.radio.ru/web/1990/12/087/,.tmp/archive_radio_ru/1990/12/b.1990-12.087.jpg,.tmp/radio_ru_annual_contents_1986_1995/search/1990-12/ocr.1990-12.087.txt
1990,087,b.1990-12.087,38,О переделке катушки зажигания. А. Проко-               Блок питания для «Радио-86РК». С. Бирю-,"С. Бирюков . ......2.2.~.    10 39   Компьютерный вирус. А. Гутников. . . .   7 40

О переделке катушки зажигания. А. Проко-               Блок питания для «Радио-86РК». С. Бирю-
meuko ........... . . 10 57 KOB нс С UT 58",http://archive.radio.ru/web/1990/12/087/,.tmp/archive_radio_ru/1990/12/b.1990-12.087.jpg,.tmp/radio_ru_annual_contents_1986_1995/search/1990-12/ocr.1990-12.087.txt
1990,087,b.1990-12.087,59,"Устройство периодического отключения на-          7      86PK».— Радио, 1989, № 9, с. 46. . . .     2 53","12 36   Лукьянов Д. «RAMDOS» для «Радио-

Устройство периодического отключения на-          7      86PK».— Радио, 1989, № 9, с. 46. . . .     2 53
грузки в цепи переменного тока (3P) 11 61 Лукьянов Д., Богдан А. «Радио-86РК» —",http://archive.radio.ru/web/1990/12/087/,.tmp/archive_radio_ru/1990/12/b.1990-12.087.jpg,.tmp/radio_ru_annual_contents_1986_1995/search/1990-12/ocr.1990-12.087.txt
1990,087,b.1990-12.087,60,"грузки в цепи переменного тока (3P) 11 61 Лукьянов Д., Богдан А. «Радио-86РК» —","Устройство периодического отключения на-          7      86PK».— Радио, 1989, № 9, с. 46. . . .     2 53
грузки в цепи переменного тока (3P) 11 61 Лукьянов Д., Богдан А. «Радио-86РК» —

Замедленное отключение освещения в сало-              программатор ПЗУ.— Радио, 1987, № 8,",http://archive.radio.ru/web/1990/12/087/,.tmp/archive_radio_ru/1990/12/b.1990-12.087.jpg,.tmp/radio_ru_annual_contents_1986_1995/search/1990-12/ocr.1990-12.087.txt
1990,089,b.1990-12.089,8,"кассет © 1 ee ee ew ee ee ee 8 67   86РК». — Радио, 1989, № 10, с. 72—74;","Ремонт МК-60. А. Харитонов. . . . . .  7 56                     6 93
Еще раз об улучшении работы компакт-          Михайленко И. Цифровой ЭМИ с «Радио-
кассет © 1 ee ee ew ee ee ee 8 67   86РК». — Радио, 1989, № 10, с. 72—74;
Ремонт датчика автостопа. В. Яценков. . . 10 57   No 11, с. 70—73. ,   - Е     8 93
Подключение магнитной головки в «Яузе-                                           9 76",http://archive.radio.ru/web/1990/12/089/,.tmp/archive_radio_ru/1990/12/b.1990-12.089.jpg,.tmp/radio_ru_annual_contents_1986_1995/search/1990-12/ocr.1990-12.089.txt
1990,090,b.1990-12.090,9,Блок питания для «Радио-86РК». С. Бирю-         Измеритель емкости на ИМС. 0. Со-,"Автоматическое  зарядное  устройство.                                   10 92
И. Александров. . ....... .-   5 39 Кабельный автоответчик. В. Кипнис. .    4 80
Блок питания для «Радио-86РК». С. Бирю-         Измеритель емкости на ИМС. 0. Со-
ков иене A 58 ловьев иена 5 64
Мощный блок питания. С. Цветаев. . .     9 59 Доработка осциллографа ОМЛ-3М. В. Ро-",http://archive.radio.ru/web/1990/12/090/,.tmp/archive_radio_ru/1990/12/b.1990-12.090.jpg,.tmp/radio_ru_annual_contents_1986_1995/search/1990-12/ocr.1990-12.090.txt
1991,085,b.1991-12.085,13,"Детали и конструкция трансивера. . . . . 2 24 «Panno-86PK»...— без проблем. В. Пузиков,","ципиальная схема трансивера. . . . . . | 23 «Орион-128»: итоги 1991 года. В. Сугоняко,
2 21 В. Сафронов ........ . . «12 35
Детали и конструкция трансивера. . . . . 2 24 «Panno-86PK»...— без проблем. В. Пузиков,
Налаживание трансивера. . . .. . . . . 3 26,  В. Тарасенко, В. Рынков ...... . 1 38
см. также 4—23, 5—20, 6—26, 10—89.                Авторы вирусов и их жертвы. А. Гутников. .    241",http://archive.radio.ru/web/1991/12/085/,.tmp/archive_radio_ru/1991/12/b.1991-12.085.jpg,.tmp/radio_ru_annual_contents_1986_1995/search/1991-12/ocr.1991-12.085.txt
1991,085,b.1991-12.085,18,ра. А. Тарасов... . . .. - -  . 2 25 Дополнительный дешифратор в «Радио-86РК».,"Линейный усилитель мощности. . .   ‚ . 7 22 Программа «ОУМРСОВ.. В. Акинфин. . .   2 49
Магнитопровод согласующего трансформато-      Программа «БЕЙСИК-ПОИСК». Ю. Солнцев 3 40
ра. А. Тарасов... . . .. - -  . 2 25 Дополнительный дешифратор в «Радио-86РК».
Защита сельсинов. С. Бабенко. ...... 2 25   И. Крылова о... З 42
УКВ ЧМ приемник. Е. Фролов, В. Доломанов,  а   Сортировка на «Радио-86РК». М. Овечкин .    3 44",http://archive.radio.ru/web/1991/12/085/,.tmp/archive_radio_ru/1991/12/b.1991-12.085.jpg,.tmp/radio_ru_annual_contents_1986_1995/search/1991-12/ocr.1991-12.085.txt
1991,085,b.1991-12.085,20,"УКВ ЧМ приемник. Е. Фролов, В. Доломанов,  а   Сортировка на «Радио-86РК». М. Овечкин .    3 44","ра. А. Тарасов... . . .. - -  . 2 25 Дополнительный дешифратор в «Радио-86РК».
Защита сельсинов. С. Бабенко. ...... 2 25   И. Крылова о... З 42
УКВ ЧМ приемник. Е. Фролов, В. Доломанов,  а   Сортировка на «Радио-86РК». М. Овечкин .    3 44
Н. Березкин. . еее    Ваш компьютер. . . . . . .. . . . 6 34
Усилитель PY. В. Мылко. . . - - ss - 2 2  Цветной телевизор — монитор бытовой ПЭВМ.",http://archive.radio.ru/web/1991/12/085/,.tmp/archive_radio_ru/1991/12/b.1991-12.085.jpg,.tmp/radio_ru_annual_contents_1986_1995/search/1991-12/ocr.1991-12.085.txt
1991,085,b.1991-12.085,24,В. Гузь. . С Е ЕЕ 3 25  Новый знакогенератор для «Радио-86РК».,"Усилитель PY. В. Мылко. . . - - ss - 2 2  Цветной телевизор — монитор бытовой ПЭВМ.
О конструировании поворотного устройства.      Е. Савельев, Г. Ворон. ....... . 6 39
В. Гузь. . С Е ЕЕ 3 25  Новый знакогенератор для «Радио-86РК».
Широкополосный вертикальный излучатель.     Ю. Игнатьев .”. . -.  ав    7 46
С. Спокойнова . ДЗ 29                   . iM",http://archive.radio.ru/web/1991/12/085/,.tmp/archive_radio_ru/1991/12/b.1991-12.085.jpg,.tmp/radio_ru_annual_contents_1986_1995/search/1991-12/ocr.1991-12.085.txt
1991,085,b.1991-12.085,30,"Декодер для приема У, В. Васильев. . . 5 22   КОМ-диск в «Радио-86РК». М. Овечкин, Ю. Кры-","Улиненый вариант антенны «    ». И. МЯС- a  Ст Иван NOR) Р. Сафаров. . . 7 75
Е ОИ ОКИ САО ОА оО     емонт  своими руками? В. Кузнецов. . . 10 39
Декодер для приема У, В. Васильев. . . 5 22   КОМ-диск в «Радио-86РК». М. Овечкин, Ю. Кры-
Модем для пакетной связи. В. Голутвин, —  NOB. . ......,         10 44
Г. Члиянц оне.       SE nn",http://archive.radio.ru/web/1991/12/085/,.tmp/archive_radio_ru/1991/12/b.1991-12.085.jpg,.tmp/radio_ru_annual_contents_1986_1995/search/1991-12/ocr.1991-12.085.txt
1991,085,b.1991-12.085,35,"ДЗ.4 — в трансивере. Г. Федай . . . . . . 7 26    дио-86РК». Б. Фролкин, М. Макаров. . .12 40","Кварцевый фильтр. С. Тимошик . © .... 7 25   Se В Бр MC7004 для IBM РС/ХТ. п 33
Сужение полосы пропускания. и. Гиль. .   7 25  Клавиатура «Электроника MC7007> в «Pa-
ДЗ.4 — в трансивере. Г. Федай . . . . . . 7 26    дио-86РК». Б. Фролкин, М. Макаров. . .12 40
Доработка р на 160 м. А. Дмитриенко 7 26  Пишем перемещаемые программы. Е. Еремин 12 38
Фотомеханический датчик. Е. Суховерхов. . 8 19",http://archive.radio.ru/web/1991/12/085/,.tmp/archive_radio_ru/1991/12/b.1991-12.085.jpg,.tmp/radio_ru_annual_contents_1986_1995/search/1991-12/ocr.1991-12.085.txt
1991,088,b.1991-12.088,7,«Радио-86РК» — светодинамическая установка.         Комбинированный блок питания. В. Янцев. . 9 32,"Я              ЦВЕТОМУЗЫКА                                    Преобразователь напряжения для питания счет-
|                                 чика Гейгера-Мюллера. И. Рубинштейн .   . 931
«Радио-86РК» — светодинамическая установка.         Комбинированный блок питания. В. Янцев. . 9 32
В. Mumenko . ...... .. . 4 66 Стабилизатор на К142ЕН5 — с регулируемым",http://archive.radio.ru/web/1991/12/088/,.tmp/archive_radio_ru/1991/12/b.1991-12.088.jpg,.tmp/radio_ru_annual_contents_1986_1995/search/1991-12/ocr.1991-12.088.txt
1992,055,b.1992-12.055,1,ее с транзисторами 2Т825. В. Ши-                 Матричный принтер mia «Радио-86РК». Д. Me-,"ее с транзисторами 2Т825. В. Ши-                 Матричный принтер mia «Радио-86РК». Д. Me-
PRB. - 7 46        aie
Расширение возможностей индикатора уровня         Мон 24°  a  =:   2  2",http://archive.radio.ru/web/1992/12/055/,.tmp/archive_radio_ru/1992/12/b.1992-12.055.jpg,.tmp/radio_ru_annual_contents_1986_1995/search/1992-12/ocr.1992-12.055.txt
1992,055,b.1992-12.055,38,"Трехдиапазонный трансивер. В. Сушков. .    6   9  цепей на «Радио-86РК».— Радио, 1989,","Какой «двойной квадрат» выбрать? В. Делиев.      5     14   и ое
Фазовый модулятор. А. Руднев. .....    5    15  Долгий А. Анализ линейных электрических
Трехдиапазонный трансивер. В. Сушков. .    6   9  цепей на «Радио-86РК».— Радио, 1989,
7  8 № 3, с. 47—S51 . ......2.2.+.  1 73
Расчет координат объектов связи. А. Сычев. .    8    9 Горшков Д. и др. Персональный радиолю-",http://archive.radio.ru/web/1992/12/055/,.tmp/archive_radio_ru/1992/12/b.1992-12.055.jpg,.tmp/radio_ru_annual_contents_1986_1995/search/1992-12/ocr.1992-12.055.txt
1992,055,b.1992-12.055,41,Формирователь SSB сигнала. Г. Запевалов. .      8     10     бительский компьютер «Радио-86РК».— Ра-,"7  8 № 3, с. 47—S51 . ......2.2.+.  1 73
Расчет координат объектов связи. А. Сычев. .    8    9 Горшков Д. и др. Персональный радиолю-
Формирователь SSB сигнала. Г. Запевалов. .      8     10     бительский компьютер «Радио-86РК».— Ра-
Замена кварцевого резонатора. Д. Сайфул-             дио, 1986, №№ 4—9; 1989, № 2, с. 78   2-3   71
ине еее.   8   т  Игнатьев Ю. Новый знакогенератбр для",http://archive.radio.ru/web/1992/12/055/,.tmp/archive_radio_ru/1992/12/b.1992-12.055.jpg,.tmp/radio_ru_annual_contents_1986_1995/search/1992-12/ocr.1992-12.055.txt
1992,055,b.1992-12.055,44,"Кварцевый фильтр с переключаемой полосой                  «Радио-86РК».— Радио. 1991, № 8, с. 44—","Замена кварцевого резонатора. Д. Сайфул-             дио, 1986, №№ 4—9; 1989, № 2, с. 78   2-3   71
ине еее.   8   т  Игнатьев Ю. Новый знакогенератбр для
Кварцевый фильтр с переключаемой полосой                  «Радио-86РК».— Радио. 1991, № 8, с. 44—
пропускания. И. Нечаев. .......   9   12   48 .  ды > - ща  фо ee    4   60
Вариант переделки передающей приставки.                                  6   59",http://archive.radio.ru/web/1992/12/055/,.tmp/archive_radio_ru/1992/12/b.1992-12.055.jpg,.tmp/radio_ru_annual_contents_1986_1995/search/1992-12/ocr.1992-12.055.txt
1992,055,b.1992-12.055,88,«Радио-86РК». А. Сергеев. ......   4   16  Доработка исполнительного  устройства.,"няко, В. Сафронов. ...,.... =.   4   14  Будильник из «музыкальной открытки». Д. Очу-
Усовершенствование блока питания  для          лин еее    12   9
«Радио-86РК». А. Сергеев. ......   4   16  Доработка исполнительного  устройства.
расе НЕ вида курсора в «Ра-          О. Ибах. (......          12   9
дио-  ». А. Мяшкаускас. . .        4   17  Пре       Л     en",http://archive.radio.ru/web/1992/12/055/,.tmp/archive_radio_ru/1992/12/b.1992-12.055.jpg,.tmp/radio_ru_annual_contents_1986_1995/search/1992-12/ocr.1992-12.055.txt
1993,043,b.1993-12.043,31,"Система «Мультимедиа». Г. ФРОЛОВ ......... ле ениинниние 7      2         для «Радио-86РК». Е. Седов, А. Матвеев ..............иььььньь 1      13","Компьютер анализирует сигналы. А. Кулвичев,                                                          МИКРОПРОЦЕССОРНАЯ ТЕХНИКА
В. Фигурнов ........ „из сиееииоининооовииововинивововииововонозовененовивь» O       2           Контроллер накопителя на гибких магнитных дисках
Система «Мультимедиа». Г. ФРОЛОВ ......... ле ениинниние 7      2         для «Радио-86РК». Е. Седов, А. Матвеев ..............иььььньь 1      13
Когда заговорит компьютер? А. Дмитриев ..... «чи ньнььь,.,, 8      3                                                                                 2      17
Электроника в экологическом мониторинге.                                     SPDOS для «Ориона-128». М. Короткин .........неииинисионинив»е 1       16",http://archive.radio.ru/web/1993/12/043/,.tmp/archive_radio_ru/1993/12/b.1993-12.043.jpg,.tmp/radio_ru_annual_contents_1986_1995/search/1993-12/ocr.1993-12.043.txt
1993,043,b.1993-12.043,35,"ПЛИС — новый класс микросхем. С. Шипулин ............... 11 2 OC для «Радио-86РК». Е. Седов, А. Матвеев ...............3_ 14","Электроника в экологическом мониторинге.                                     SPDOS для «Ориона-128». М. Короткин .........неииинисионинив»е 1       16
Н. Кондауров, Я. Малков, Д. Обливин......... чении, 10 5         SeesbabuasencssvensesdenisveussssevesecasseseucessaccsspuuacssTuesesstesseucesssuacseusesvene     21
ПЛИС — новый класс микросхем. С. Шипулин ............... 11 2 OC для «Радио-86РК». Е. Седов, А. Матвеев ...............3_ 14
«Орион-128» — настоящее и будущее. Г. Рогов,
СМОТРИМ. СЛУШАЕМ                             М. БРИДЖИДИ ........„зеиньизизиниитезивотизизюнвозизинвевезивннизьниее & 18",http://archive.radio.ru/web/1993/12/043/,.tmp/archive_radio_ru/1993/12/b.1993-12.043.jpg,.tmp/radio_ru_annual_contents_1986_1995/search/1993-12/ocr.1993-12.043.txt
1993,043,b.1993-12.043,47,".                                                                             Программатор ПЗУ для «Радио-86РК». Ю. Власов ........... 9      11,","Ответы на вопросы по статье Герасимова С.                                      АССЕМБЛЕР: новые возможности. С. Смирнов .............. 5 20
«УКВ антенна» (Радио, 1992, № 9, с. 7, 8).......................б 45        Программа «Сжатие». Ю. Власов .......... о. еленеиеонининние. 8 16
.                                                                             Программатор ПЗУ для «Радио-86РК». Ю. Власов ........... 9      11,
ПРОМЫШЛЕННАЯ АППАРАТУРА                           см. также 10 — 19, 11 — 18.
Комбинированный мультиметр KM-E100. А. Еркин .......... 11 22        Работа с 0052.9 на компьютере «Радио-86РК».",http://archive.radio.ru/web/1993/12/043/,.tmp/archive_radio_ru/1993/12/b.1993-12.043.jpg,.tmp/radio_ru_annual_contents_1986_1995/search/1993-12/ocr.1993-12.043.txt
1993,043,b.1993-12.043,49,Комбинированный мультиметр KM-E100. А. Еркин .......... 11 22        Работа с 0052.9 на компьютере «Радио-86РК».,".                                                                             Программатор ПЗУ для «Радио-86РК». Ю. Власов ........... 9      11,
ПРОМЫШЛЕННАЯ АППАРАТУРА                           см. также 10 — 19, 11 — 18.
Комбинированный мультиметр KM-E100. А. Еркин .......... 11 22        Работа с 0052.9 на компьютере «Радио-86РК».
А. Матвеев, Е. Седов .............cssssssscececcsssssctcsseecescscsense 12 18
КОРОТКО О НОВОМ                                   «Радио-86РК» — логический анализатор.",http://archive.radio.ru/web/1993/12/043/,.tmp/archive_radio_ru/1993/12/b.1993-12.043.jpg,.tmp/radio_ru_annual_contents_1986_1995/search/1993-12/ocr.1993-12.043.txt
1993,043,b.1993-12.043,51,КОРОТКО О НОВОМ                                   «Радио-86РК» — логический анализатор.,"Комбинированный мультиметр KM-E100. А. Еркин .......... 11 22        Работа с 0052.9 на компьютере «Радио-86РК».
А. Матвеев, Е. Седов .............cssssssscececcsssssctcsseecescscsense 12 18
КОРОТКО О НОВОМ                                   «Радио-86РК» — логический анализатор.
Телевизор «Горизонт 51ТЦ-460Д», дозиметр-                                         Н. МихайЛОВ ........csscsssssssccecsssesessssssescssessesssryescrssseenns 12 19
сигнализатор «ДБГ-05Б» ............ „и иеинииеолинетиниинитиноининининия 1         iq",http://archive.radio.ru/web/1993/12/043/,.tmp/archive_radio_ru/1993/12/b.1993-12.043.jpg,.tmp/radio_ru_annual_contents_1986_1995/search/1993-12/ocr.1993-12.043.txt
1993,043,b.1993-12.043,58,"Комплект диагностических приборов «Ралли» ....................З       a      «Радио-В6РК». — Радио, 1992, М 6, с. 24—28 ава      >","малогабаритный радиоприемник «Кварц РП-12» ................ 2      oe     Медуховский Д. Матричный принтер для
`                          с. обл.
Комплект диагностических приборов «Ралли» ....................З       a      «Радио-В6РК». — Радио, 1992, М 6, с. 24—28 ава      >
с. обл.
Усилитель мощности «Амфитон 150УМ-108С»,                                      Чернышев В. Самозапуск программ на",http://archive.radio.ru/web/1993/12/043/,.tmp/archive_radio_ru/1993/12/b.1993-12.043.jpg,.tmp/radio_ru_annual_contents_1986_1995/search/1993-12/ocr.1993-12.043.txt
1993,043,b.1993-12.043,61,"автомобильный радиоприемник «Альфатон авто-2» ...........4        2-я  «Радио-86РК». — Радио, 1992, М 12, с. 18, 19....................11 42","с. обл.
Усилитель мощности «Амфитон 150УМ-108С»,                                      Чернышев В. Самозапуск программ на
автомобильный радиоприемник «Альфатон авто-2» ...........4        2-я  «Радио-86РК». — Радио, 1992, М 12, с. 18, 19....................11 42
с. обл.
Двухкассетная магнитола «Bera PM-252C»,                                                              ЭЛЕКТРОНИКА В БЫТУ",http://archive.radio.ru/web/1993/12/043/,.tmp/archive_radio_ru/1993/12/b.1993-12.043.jpg,.tmp/radio_ru_annual_contents_1986_1995/search/1993-12/ocr.1993-12.043.txt
1994,047,b.1994-12.047,14,Тенденция развития мощных СВЧ транзис-                                      Еще раз о самозапуске программ Ha «Радио-86РК».,"Л.Невдяев, В.Тамаркин .............. +... нина иини ни ньнинннининн а 4       2       Антивирусная система SPIDER’S WEB. IO. Крылов .......... 1       21
Транссибирская магистраль. Ю.МаримонТт ...................... 5        2        Опять DUMPCOR .................. ини ини иненииниининнь: E        22
Тенденция развития мощных СВЧ транзис-                                      Еще раз о самозапуске программ Ha «Радио-86РК».
торов. B.Accecopos, В.Кожевников, А.Косой ................ 6       2       В: Чернышев; ие оне авиа 1       25
Сверхбольшие ПЛИС открывают новые возможности.                       Усовершенствование программатора ППЗУ.                         /",http://archive.radio.ru/web/1994/12/047/,.tmp/archive_radio_ru/1994/12/b.1994-12.047.jpg,.tmp/radio_ru_annual_contents_1986_1995/search/1994-12/ocr.1994-12.047.txt
1994,047,b.1994-12.047,17,Оптическая обработка информации. В.Парыгин .............. 7        2       Дизассемблер для «Радио-86РК» И. Самарин ................ 1       25,"торов. B.Accecopos, В.Кожевников, А.Косой ................ 6       2       В: Чернышев; ие оне авиа 1       25
Сверхбольшие ПЛИС открывают новые возможности.                       Усовершенствование программатора ППЗУ.                         /
Оптическая обработка информации. В.Парыгин .............. 7        2       Дизассемблер для «Радио-86РК» И. Самарин ................ 1       25
«Галс» — российская система НТВ. И.Цирлин,              .                 Однокристальные микро-ЭВМ. А. Фрунзе, С. Хоркин.
Л.Кантор, А.Козлов, Э.Кумыш, А.Соколов .................... 8       2       KM1816BE35, KM1816BE48, КМ18168ВЕ49 .......................... 8       15,",http://archive.radio.ru/web/1994/12/047/,.tmp/archive_radio_ru/1994/12/b.1994-12.047.jpg,.tmp/radio_ru_annual_contents_1986_1995/search/1994-12/ocr.1994-12.047.txt
1994,047,b.1994-12.047,22,"А.ГРриф .......... чении ини ини нити шиннннениинне. 11    TaD      «Радио-86РК»: развитие. перспективы. Е.Седов,","Автономные накопители энергии. В.Антипенко,                             см. также 3—24, 6—17, 7—12.
МСС: сотовый телефон в офисе, машине и портфеле.                      см. также 9—13, 10—16, 11—18, 12—25.
А.ГРриф .......... чении ини ини нити шиннннениинне. 11    TaD      «Радио-86РК»: развитие. перспективы. Е.Седов,
Новое в создании индикаторных устройств (3P)** ........... 12      46       А. МатвебВ.....,...... крона неловко звании рззыточьных $)       20,
см. также 4—18, 5—16, 8—20, 9—16, 10—14, 12—20.",http://archive.radio.ru/web/1994/12/047/,.tmp/archive_radio_ru/1994/12/b.1994-12.047.jpg,.tmp/radio_ru_annual_contents_1986_1995/search/1994-12/ocr.1994-12.047.txt
1994,047,b.1994-12.047,33,"атор ПЗУ для «Радио-86РК» (Радио, 1   ю 9,","Радиовещание России и его проблемы. Н.Григорьева ... 12       2       «Зресгит»-совместимый компьютер. М. Бун ................ 11      21
Лицензирование в области связи. В.Дудкин, Н.Попов ... 12       2       Ответы Ha вопросы по статье Власова Ю. «Програм-
атор ПЗУ для «Радио-86РК» (Радио, 1   ю 9,
ЛИЧНАЯ РАДИОСВЯЗЬ                        м ом
Простая радиостанция ..........................-еилииининье cesses 8       40           ЭЛЕКТРОНИКА В БЫТУ",http://archive.radio.ru/web/1994/12/047/,.tmp/archive_radio_ru/1994/12/b.1994-12.047.jpg,.tmp/radio_ru_annual_contents_1986_1995/search/1994-12/ocr.1994-12.047.txt
1995,060,b.1995-12.060,4,"“Радио-86РК"": развитие, перспективы, Е. Седов, А. Матвеев                       Нечаев И. Рогулируем яркость светильника. —","Описание подпрограмм пакета ................лозилииниииотиониничнавьзнавь 4        27           Виноградов Ю. Радиационный “сторож”... в радио-
5         27            приемнике. — Радио, 1994, № 10.С.25...............илиииилииюньлнииилиние 4         62
“Радио-86РК"": развитие, перспективы, Е. Седов, А. Матвеев                       Нечаев И. Рогулируем яркость светильника. —
Дополнительное ОЗУ в “РК-МАКСИ”.............. ль лиеииимеианьниьниия 1          26             Радио, 1992, № 1, с. 22, 23 ........... ии ини зиииеиииииланиттиииньнние 9         63
Форматирование ВАМ диска в ""РК-МАКСИ"".                                                 Адигамов Э. Доработка октан-корректора. —",http://archive.radio.ru/web/1995/12/060/,.tmp/archive_radio_ru/1995/12/b.1995-12.060.jpg,.tmp/radio_ru_annual_contents_1986_1995/search/1995-12/ocr.1995-12.060.txt
1995,060,b.1995-12.060,12,"Все о”Радио-В6РК” (обзор публикаций в журнале) ................... 1           27              Световой сигнализатор телефонных звонков. О, Долгов ......., 3          55","Утилиты и дисковый АССЕМБЛЕР 00384 ...........,.„лиельлииитинитниние 6     22                 ДЛЯ ДОМАШНЕГО ТЕЛЕФОНА
Macey asin ВЕМАКСИЯ. ль паи ео     24       Замена микросхемы необязательна. П. Максимов .................. З     54
Все о”Радио-В6РК” (обзор публикаций в журнале) ................... 1           27              Световой сигнализатор телефонных звонков. О, Долгов ......., 3          55
“Зресиит”-совместимый компьютер. М. Бун                                                Звук становится громче. В. Дьяченко .................. зелени леиилиниини, 6         29
Микропроцессор LEO лес Tia eee oes         15            Источник резервного питания для АОН. О, Голубев ................. 6         38",http://archive.radio.ru/web/1995/12/060/,.tmp/archive_radio_ru/1995/12/b.1995-12.060.jpg,.tmp/radio_ru_annual_contents_1986_1995/search/1995-12/ocr.1995-12.060.txt
1995,060,b.1995-12.060,27,"Язык ФОРТ для “Радио-86РК”. Н. ШИХОВ .............. ленин 7      19,       ВВ р, ааа     34","Подключение ПК к телевизорам УЛПЦТ(И)-59/61-1.                                                                                                                      4        47
НИД | CCC 1 RI ia Bi aes per AR ory one errr |        11           Двутональная сирена повышенной мощности.
Язык ФОРТ для “Радио-86РК”. Н. ШИХОВ .............. ленин 7      19,       ВВ р, ааа     34
см. также 8—28, 10—25                                                                            Доработка блока зажигания и корректора угла ОЗ.
“MP модем"". Л, Радченко, С. Феклистов ............... из инлииелининиье, 8         26            ВОВЕ очи ee See неа         25",http://archive.radio.ru/web/1995/12/060/,.tmp/archive_radio_ru/1995/12/b.1995-12.060.jpg,.tmp/radio_ru_annual_contents_1986_1995/search/1995-12/ocr.1995-12.060.txt
1995,060,b.1995-12.060,44,"Седов E., Матвеев А. “Paguo-86PK"": развитие, перспективы.                          Радио. 1994, № 8, с. 36—38 ........... зе езилинвиоветинонониоиввилиовизавннна» @        44","Ответы на вопросы по статьям,                                                        опубликованным в журнале в прошлые годы
mal Pate po ry в журнале в прошлыв годы                                Карасев Г. Усовершенствованный блок зажигания. —
Седов E., Матвеев А. “Paguo-86PK"": развитие, перспективы.                          Радио. 1994, № 8, с. 36—38 ........... зе езилинвиоветинонониоиввилиовизавннна» @        44
Контроллер прерываний: программное обеспечение. —                                  Виноградов Ю. Шифратор и дешифратор радиоканала
Радио, 1994, № 10, с. 14—16................... лилии 4     61       автосторожа. — Радио, 1994, №3, с. 30—32 .........зньизииниизниниинь, 6     44",http://archive.radio.ru/web/1995/12/060/,.tmp/archive_radio_ru/1995/12/b.1995-12.060.jpg,.tmp/radio_ru_annual_contents_1986_1995/search/1995-12/ocr.1995-12.060.txt
1995,060,b.1995-12.060,51,"Власов Ю. Программатор ПЗУ для “Радио-86РК“"".                                       Повышение качества изображения в цветном телевизоре.","Федоренко Ю. “Opuon-128"": копировщик экрана. —                                                               ВИДЕОТЕХНИКА
Радио т994 А Gi СО ix. cx. ccsectiossscaicsasece-cescscestecesspsscsscteaenntant®          63
Власов Ю. Программатор ПЗУ для “Радио-86РК“"".                                       Повышение качества изображения в цветном телевизоре.
— Радио, 1993) Nat OG) 19-23%.:............:1. они день VO         59            BSXOKINOMR иле со иеНнтнаи           8
Видеотехника формата УН$. Ю. Петропавловский",http://archive.radio.ru/web/1995/12/060/,.tmp/archive_radio_ru/1995/12/b.1995-12.060.jpg,.tmp/radio_ru_annual_contents_1986_1995/search/1995-12/ocr.1995-12.060.txt
